sample,ticker,date,type,item,anomaly_detected,persist_days,facility,lat,lon,snippet
IS,MOS,2020-01-28,plant_shutdown,2.06,False,0,"Colonsay Potash Mine, Saskatchewan",51.9833,-105.9333,"ion, ""we,"" ""us"" or ""our"") announced that it intends to keep its Colonsay potash mine idled for the foreseeable future (the ""Colonsay Idling"""
IS,MPC,2020-04-22,plant_shutdown,2.02,True,1,"Garyville Refinery, LA",30.048,-90.619,"at our refineries in response to the decreased demand for our products, and we temporarily idled portions of refining capacity to further li"
IS,X,2020-04-30,explosion,2.02,True,1,"Gary Works, Gary, IN",41.605,-87.337,"tion to those announced on March 27, 2020. The company will temporarily idle #6 blast furnace at Gary Works and #1 blast furnace at Mon Vall"
IS,CE,2020-07-28,plant_shutdown,2.05,False,0,"Kaiserslautern, Germany",49.4432174,7.7689951,"on-cash accelerated depreciation of fixed asset costs, and approximately $15-25 million of other facility-related shutdown and relocation ca"
IS,PKG,2020-09-09,plant_outage,7.01,False,0,"days, OR",42.9722514,-123.1722129,"proximately 100 miles south of the Company's DeRidder, Louisiana containerboard mill. The mill had completed an orderly shutdown of operatio"
IS,CBT,2020-09-30,plant_shutdown,2.06,False,0,"Marshall, TX",32.5447756,-94.3661004,"iately, to cease manufacturing lignite-based activated carbon at its production facility in Marshall, Texas (the ""Marshall Facility"") and id"
IS,BTU,2020-10-05,physical_disruption,7.01,False,0,"are, IN",16.6354003,74.1320836,"following the completion of its recent H-3 panel longwall move, the Company is temporarily idling the Shoal Creek mine. While metallurgical "
IS,LYB,2020-10-06,physical_disruption,8.01,False,0,"LyondellBasell Channelview, TX",29.79,-95.12,"r assets for impairment, which results in a charge to earnings. Any decision to permanently close facilities or exit a business may also res"
IS,GPK,2021-02-24,physical_disruption,7.01,False,0,"Texarkana, TX",33.4466208,-94.0765653,esulting power disruptions and natural gas curtailments. Both mills experienced unplanned downtime and incurred unfavorable financial impact
IS,OXY,2021-09-08,weather_disruption,7.01,False,0,"Occidental Permian (proxy Midland, TX)",31.997,-102.078,"bases that support Occidental's Gulf of Mexico operations sustained damage from Hurricane Ida, and we have temporarily relocated the impacte"
IS,CMC,2021-09-30,plant_shutdown,1.01,False,0,"deposit., IN",13.0426427,77.6417929,tely 95 acres of real property in Rancho Cucamonga on which TAMCO's idled steel mill and Steel Fab's soon-to-be idled rebar fabrication faci
IS,PSX,2021-11-08,plant_shutdown,8.01,True,1,"Alliance Refinery, Belle Chasse, LA",29.844148,-90.0140042,"r ended September 30, 2021, that during the third quarter of 2021, the Alliance Refinery sustained significant impacts from Hurricane Ida an"
IS,AA,2021-12-13,plant_shutdown,2.05,False,0,"Alcoa Warrick Operations, IN",37.92,-87.34,ely. The Smelter has been fully curtailed since 2015. The Company's decision to permanently close the Smelter was made in connection with th
IS,CENX,2022-06-22,physical_disruption,7.01,False,0,"Hawesville, KY",37.9000554,-86.754988,"Aluminum Company (the ""Company"") issued a press release announcing that it will temporarily idle its aluminum smelter in Hawesville, Kentuck"
IS,AA,2023-03-16,plant_shutdown,2.05,False,0,"Alcoa Warrick Operations, IN",37.92,-87.34,ely. The Smelter has been fully curtailed since 2020. The Company's decision to permanently close the Smelter was made after various options
IS,OLN,2023-03-21,physical_disruption,2.05,False,0,"Terneuzen, Netherlands",51.298843,3.8422044,", on March 21, 2023, management of Olin Corporation (""Olin"") approved a plan to cease operations at Olin's Cumene facility in Terneuzen, Net"
IS,STLD,2023-07-10,plant_outage,8.01,False,0,"Sinton Flat Roll Mill, Sinton, TX",28.0367242,-97.5092297,"teel Dynamics, Inc. issued a press release titled ""Sinton Texas Flat Roll Steel Mill Hot Mill Outage."" A copy of that press release is attac"
IS,IP,2023-10-18,plant_shutdown,2.05,False,0,"Orange, TX",30.1228634,-93.9041169,"ly $664 million as further described below. Containerboard The Company plans to permanently close its containerboard mill in Orange, Texas. "
IS,CE,2023-10-31,plant_shutdown,2.05,False,0,"Uentrop, Germany",51.6926159,7.940585,non-cash accelerated depreciation of fixed asset costs and approximately $35-40 million of other facility-related shutdown cash costs (prima
IS,WLK,2024-02-06,facility_fire,2.02,False,0,"million, IN",15.5864252,73.7726337,"n (the ""Company"") was involved in lawsuits relating to the September 2021 flash fire at the quench tower of its Petro 2 facility (the ""Petro"
IS,CE,2024-02-29,plant_shutdown,2.05,False,0,"Mechelen, Belgium",51.0281381,4.4803453,"non-cash accelerated depreciation of fixed asset costs and approximately $20-25 million of other facility-related shutdown cash costs, with "
IS,OLN,2024-07-10,weather_disruption,7.01,False,0,"and is, IN",13.124912,77.6209419,"release announcing a temporary disruption of operations at its Freeport, Texas, facility due to Hurricane Beryl. A copy of the press release"
IS,PSX,2024-10-16,physical_disruption,7.01,False,0,"Alliance Refinery, Belle Chasse, LA",29.844148,-90.0140042,"hillips 66 (the ""Company"") issued a press release announcing that it expects to cease operations at its Los Angeles-area refinery during the"
IS,OLN,2024-12-12,physical_disruption,2.02,False,0,"New York, NY",40.7127281,-74.0060152,"tion. On December 11, 2024, Olin Corporation (""Olin"") made the determination to permanently close its Chlorine 3 manufacturing facility, loc"
OOS,INGR,2025-01-06,physical_disruption,2.05,False,0,"Vanscoy, Saskatchewan",52.0020563,-106.974736,"ecember 31, 2024, Ingredion Incorporated (the ""Company"") committed to a plan to cease operations at its plant protein concentrates and flour"
OOS,IP,2025-02-13,plant_shutdown,2.05,False,0,"Campti, LA",31.8934954,-93.1182202,"urther described below. North American Packaging Solutions The Company plans to permanently close its containerboard mill in Campti, Louisia"
OOS,PBF,2025-03-06,facility_fire,7.01,False,0,"Martinez Refinery, Martinez, CA",38.0165,-122.1133,"sued a press release providing an update relating to the status of its Martinez refinery which experienced a fire on February 1, 2025. A cop"
OOS,DOW,2025-07-07,plant_shutdown,2.05,False,0,"Böhlen ethylene site, Germany",51.3902906,11.9854347,"s approved to date include the following: - Packaging & Specialty Plastics will shut down an ethylene facility in Böhlen, Germany. - Industr"
OOS,IP,2025-08-21,plant_shutdown,2.05,False,0,"Riceboro, GA",31.7354935,-81.4334408,"lexity and cost across the Company. Riceboro, Georgia Mill The Company plans to permanently close its containerboard, timber and lumber mill"
OOS,AA,2025-09-30,plant_shutdown,2.05,False,0,"Alcoa Warrick Operations, IN",37.92,-87.34,annual nameplate capacity of 2.2 million metric tons. The Company's decision to permanently close the Refinery was made based on a variety o
OOS,CE,2025-10-28,plant_shutdown,2.05,False,0,"Lanaken, Belgium",50.8892784,5.6513208,"n-cash accelerated depreciation of fixed asset costs and approximately $15 – 25 million of other facility-related shutdown cash costs, with "
OOS,FCX,2025-11-18,plant_shutdown,7.01,False,0,"Grasberg District, Papua, Indonesia",-4.0527,137.1157,and the phased restart and ramp-up of the Grasberg Block Cave (GBC) underground mine following the September 2025 mud rush incident may not 
